Dataset,Source,Domain,Frequency,Chronos,TimesFM,Moirai,Moirai-MoE,Time-GPT,ForecastPFN,MOMENT,Lag-Llama,GPT4TS,Timer,VisionTS,TTM,LLMTime,Time-LMM,UniTime,Time-MoE,Chronos-2,Flowstate,LightGTS,Sundial,TabPFN-TS,Time-MoE2,TinyTimeMixer,TiRex,Toto,YingLong (under review),Gift-Eval,Flowstate(T),TimesFM-ICL,ROSE
Jena Weather,"Autoformer (Wu et al., 2021)",Nature,10T,,,ZS,ZS,,,T/T,,T/T,ZS,ZS,ZS,ZS,,,T/T,,ZS,T/T,ZS,,,,ZS,T/T,,ZS,,,T/T
Jena Weather,"Autoformer (Wu et al., 2021)",Nature,H,,,,,,,,,,,,,,,,,,ZS,,,,,,ZS,T/T,,ZS,,,
Jena Weather,"Autoformer (Wu et al., 2021)",Nature,D,,,,,,ZS,,,,,,,,,,,,ZS,,,,,,ZS,T/T,,ZS,,,
BizITObs - Application,"AutoMixer (Palaskar et al., 2024)",Web/CloudOps,10S,,,,,,,,,,,,ZS,,,,,,ZS,,,,,,ZS,T/T,,ZS,,,
BizITObs - L2C,"AutoMixer (Palaskar et al., 2024)",Web/CloudOps,5T,,,,ZS,,,,,,,,,,,,,,ZS,,,,,,ZS,T/T,,ZS,,,
BizITObs - L2C,"AutoMixer (Palaskar et al., 2024)",Web/CloudOps,H,,,,,,,,,,,,,,,,,,ZS,,,,,,ZS,T/T,,ZS,,,
BizITObs - Service,"AutoMixer (Palaskar et al., 2024)",Web/CloudOps,10S,,,,,,,,,,,,,,,,,,ZS,,,,,,ZS,T/T,,ZS,,,
BDG-2 Bear,"BuildingsBench (Emami et al., 2023)",Energy,H,,,P,P,,,,,,,,,,,,P,,P,,P,,,,P,P,,P,P,P,
BDG-2 Fox,"BuildingsBench (Emami et al., 2023)",Energy,H,,,P,P,,,,,,,,,,,,P,,P,,P,,,,P,P,,P,P,P,
BDG-2 Panther,"BuildingsBench (Emami et al., 2023)",Energy,H,,,P,P,,,,,,,,,,,,P,,P,,P,,,,P,P,,P,P,P,
BDG-2 Rat,"BuildingsBench (Emami et al., 2023)",Energy,H,,,P,P,,,,,,,,,,,,P,,P,,P,,,,P,P,,P,P,P,
Borealis,"BuildingsBench (Emami et al., 2023)",Energy,H,,,P,P,,,,,,,,,,,,P,,P,,P,,,,P,P,,P,P,P,
Buildings900K,"BuildingsBench (Emami et al., 2023)",Energy,H,,,P,P,,,,,,,,,,,,P,,P,,P,,,,P,P,,P,P,P,
IDEAL,"BuildingsBench (Emami et al., 2023)",Energy,H,,,P,P,,,,,,,,,,,,P,,P,,P,,,,P,P,,P,P,P,
Low Carbon London,"BuildingsBench (Emami et al., 2023)",Energy,H,,,P,P,,,,,,,,,,,,,,P,,P,,,,P,P,,P,P,P,
Sceaux,"BuildingsBench (Emami et al., 2023)",Energy,H,,,P,P,,,,,,,,,,,,P,,P,,P,,,,P,P,,P,P,P,
SMART,"BuildingsBench (Emami et al., 2023)",Energy,H,,,P,P,,,,,,,,,,,,P,,P,,P,,,,P,P,,P,P,P,
CMIP6,"ClimateLearn (Nguyen et al., 2023)",Climate,6H,,,P,P,,,,,,,,,,,,P,,P,,P,,,,,P,,P,,P,
ERA5,"ClimateLearn (Nguyen et al., 2023)",Climate,H,,,P,P,,,,,,P,,,,,,P,,P,,P,,,,,P,,P,,P,
Alibaba Cluster Trace 2018,"CloudOpsTSF (Woo et al., 2023)",CloudOps,5T,,,P,P,,,,,,,,,,,,P,,P,,P,,,,,P,,P,,,
Azure vM Traces 2017,"CloudOpsTSF (Woo et al., 2023)",CloudOps,5T,,,P,P,,,,,,,,,,,,P,,P,,P,,,,P,P,,P,P,P,
Borg Cluster Data 2011,"CloudOpsTSF (Woo et al., 2023)",CloudOps,5T,,,P,P,,,,,,,,,,,,P,,P,,P,,,,P,P,,P,P,P,
Air Passengers,"Darts Dataset (Herzen et al., 2021)",Econ/Fin,M,,ZS,,,,,,,,,,,ZS,,,,,,,,,,,,,,,,,
Aus Beer,"Darts Dataset (Herzen et al., 2021)",Econ/Fin,Q,,ZS,,,,,,,,,,,ZS,,,,,,,,,,,,,,,,,
Gas Rate CO2,"Darts Dataset (Herzen et al., 2021)",Econ/Fin,Y,,ZS,,,,,,,,,,,ZS,,,,,,,,,,,,,,,,,
Monthly Milk,"Darts Dataset (Herzen et al., 2021)",Econ/Fin,M,,ZS,,,,,,,,,,,ZS,,,,,,,,,,,,,,,,,
Wine,"Darts Dataset (Herzen et al., 2021)",Sales,M,,ZS,,,,,,,,,,,ZS,,,,,,,,,,,,,,,,,
Wooly,"Darts Dataset (Herzen et al., 2021)",Econ/Fin,Q,,ZS,,,,,,,,,,,ZS,,,,,,,,,,,,,,,,,
Heart Rate,"Darts Dataset (Herzen et al., 2021)",Nature,0.5S,,ZS,,,,,,,,,,,ZS,,,,,,,,,,,,,,,,,
Sunspots,"Darts Dataset (Herzen et al., 2021)",Nature,M,,,,,,,,,,,,,ZS,,,,,,,,,,,,,,,,,
Bitbrains,"Fast Storage Grid Workloads Archive (Shen et al., 2015)",Web/CloudOps,5T,,,,,,,,,,,,,,,,,,ZS,,,,,,ZS,T/T,,ZS,,,
Bitbrains,"Fast Storage Grid Workloads Archive (Shen et al., 2015)",Web/CloudOps,H,,,,,,,,,,,,,,,,,,ZS,,,,,,ZS,T/T,,ZS,,,
Bitbrains,"Fast Storage Grid Workloads Archive (Shen et al., 2015)",Web/CloudOps,5T,,,,,,,,,,,,,,,,,,ZS,,,,,,ZS,T/T,,ZS,,,
Bitbrains,"Fast Storage Grid Workloads Archive (Shen et al., 2015)",Web/CloudOps,H,,,,,,,,,,,,,,,,,,ZS,,,,,,ZS,T/T,,ZS,,,
FRED,"FRED (Oreshkin et al., 2021)",Econ/Fin,D,,,,,,,P,,,,,,,,,,,,,,,,,,,,,,,
FRED,"FRED (Oreshkin et al., 2021)",Econ/Fin,Y,,,,,,,P,,,,,,,,,,,,,,,,,,,,,,,
FRED,"FRED (Oreshkin et al., 2021)",Econ/Fin,W,,,,,,,P,,,,,,,,,,,,,,,,,,,,,,,
FRED,"FRED (Oreshkin et al., 2021)",Econ/Fin,M,,,,,,,P,,,,,,,,,,,,,,,,,,,,,,,
FRED,"FRED (Oreshkin et al., 2021)",Econ/Fin,Q,,,,,,,P,,,,,,,,,,,,,,,,,,,,,,,
M5,"GluonTS (Alexandrov et al., 2020a)",Sales,D,ZS,,P,P,,,,,,,,,,,,P,,P,,P,,,,,P,,P,ZS,ZS,
Taxi,"GluonTS (Alexandrov et al., 2020a)",Transport,30T,T/T,,P,P,,,,,,,,,,,,P,,P,,P,,,,T/T,P,,P,P,P,
Taxi,"GluonTS (Alexandrov et al., 2020a)",Transport,H,P,,,,,,,,,,,,,,,P,,possible P,,P,,,,P,P,,P,P,,
Uber TLC Daily,"GluonTS (Alexandrov et al., 2020a)",Transport,D,T/T,,P,P,,,,,,,,,,,,P,,P,,P,,,,T/T,P,,P,P,,
Uber TLC Hourly,"GluonTS (Alexandrov et al., 2020a)",Transport,H,T/T,,P,P,,,,P,,,,,,,,P,,P,,P,,,,T/T,P,,P,P,,
Wiki-Rolling,"GluonTS (Alexandrov et al., 2020a)",Web,D,,,,,,,,,,,,,,,,P,,P,,,,,,,P,,P,,,
Trends hourly,Google Trends,Web,H,,P,,,,,,,,,,,,,,,,,,,,,,,,,,,P,
Trends weekly,Google Trends,Web,W,,P,,,,,,,,,,,,,,,,,,,,,,,,,,,P,
Trends monthly,Google Trends,Web,D,,P,,,,,,,,,,,,,,,,,,,,,,,,,,,P,
Requests,"Huawei Cloud (Joosen et al., 2023)",CloudOps,T,,,,,,,,ZS,,,,,,,,,,,,,,,,,,,,,,
Function Delay,"Huawei Cloud (Joosen et al., 2023)",CloudOps,T,,,,,,,,P,,,,,,,,,,,,,,,,,,,,,,
Platform Delay,"Huawei Cloud (Joosen et al., 2023)",CloudOps,T,,,,,,,,ZS,,,,,,,,,,,,,,,,,,,,,,
CPU Usage,"Huawei Cloud (Joosen et al., 2023)",CloudOps,T,,,,,,,,P,,,,,,,,,,,,,,,,,,,,,,
Memory Usage,"Huawei Cloud (Joosen et al., 2023)",CloudOps,T,,,,,,,,P,,,,,,,,,,,,,,,,,,,,,,
CPU Limit,"Huawei Cloud (Joosen et al., 2023)",CloudOps,T,,,,,,,,P,,,,,,,,,,,,,,,,,,,,,,
Memory Limit,"Huawei Cloud (Joosen et al., 2023)",CloudOps,T,,,,,,,,P,,,,,,,,,,,,,,,,,,,,,,
Instances,"Huawei Cloud (Joosen et al., 2023)",CloudOps,T,,,,,,,,P,,,,,,,,,,,,,,,,,,,,,,
ETT1,"Informer (Zhou et al., 2020)",Energy,15T,ZS,,ZS,,,,T/T,P,T/T,ZS,ZS,ZS,,T/T,T/T,T/T,,ZS,T/T,ZS,,,,ZS,T/T,,ZS,ZS,ZS,T/T
ETT1,"Informer (Zhou et al., 2020)",Energy,H,ZS,,ZS,,,,T/T,P,T/T,ZS,ZS,ZS,,T/T,T/T,T/T,,ZS,T/T,ZS,,,,ZS,T/T,,ZS,ZS,ZS,T/T
ETT1,"Informer (Zhou et al., 2020)",Energy,D,,,,ZS,,ZS,,,,,,,,,,,,ZS,,,,,,ZS,T/T,,ZS,,,
ETT1,"Informer (Zhou et al., 2020)",Energy,W-THU,,,,,,,,,,,,,,,,,,ZS,,,,,,ZS,T/T,,ZS,,,
ETT2,"Informer (Zhou et al., 2020)",Energy,15T,ZS,,ZS,,,,T/T,ZS,T/T,ZS,ZS,ZS,,T/T,T/T,T/T,,ZS,T/T,ZS,,,,ZS,T/T,,ZS,,ZS,T/T
ETT2,"Informer (Zhou et al., 2020)",Energy,H,ZS,,ZS,,,,T/T,P,T/T,ZS,ZS,ZS,,T/T,T/T,T/T,,ZS,T/T,ZS,,,,ZS,T/T,,ZS,,ZS,T/T
ETT2,"Informer (Zhou et al., 2020)",Energy,D,,,,ZS,,ZS,,,,,,,,,,,,ZS,,,,,,ZS,T/T,,ZS,,,
ETT2,"Informer (Zhou et al., 2020)",Energy,W-THU,,,,,,,,,,,,,,,,,,ZS,,,,,,ZS,T/T,,ZS,,,
Weather (US),"Informer (Zhou et al., 2020)",Weather,H,,,,,,,,,,,,,ZS,,,,,,,,,,,,T/T,,,,,
Brazilian Cities Temperature,Kaggle Competition,Weather,M,P,,,,,,,,,,,,,,,,,possible P,,P,,,,P,P,,,P,,
Walmart Store Sales,Kaggle Competition,Sales,W,,,ZS,ZS,,,,,,,ZS,,,,,,,,,,,,,,,,,,,
Istanbul Traffic,Kaggle Competition,Transport,W,,,ZS,ZS,,,,,,,ZS,,,,,,,,,,,,,,,,,,,
Turkey Power,Kaggle Competition,Energy,W,,,ZS,ZS,,,,,,,ZS,,ZS,,,,,,,,,,,,,,,,,
TSMC Stock,Kaggle Competition,Econ/Fin,W,,,,,,,,,,,,,ZS,,,,,,,,,,,,,,,,,
LargeST,"LargeST (Liu et al., 2023a)",Transport,W,,,P,P,,,,,,,,,,,,P,,P,,P,,,,P,P,,P,P,P,
Beijing Subway,"LibCity (Wang et al., 2023a)",Transport,W,,,P,P,,,,,,,,,,,,P,,P,,P,,,,P,P,,P,P,,
HZMetro,"LibCity (Wang et al., 2023a)",Transport,W,,,P,P,,,,,,,,,,,,P,,P,,P,,,,P,P,,P,P,,
Loop Seattle,"LibCity (Wang et al., 2023a)",Transport,W,,,P,P,,,,,,,,,,,,P,,ZS,,P,,,,ZS,T/T,,ZS,,,
Loop Seattle,"LibCity (Wang et al., 2023a)",Transport,W,,,,,,,,,,,,,,,,,,ZS,,,,,,ZS,T/T,,ZS,,,
Loop Seattle,"LibCity (Wang et al., 2023a)",Transport,W,,,,,,,,,,,,,,,,,,ZS,,,,,,ZS,T/T,,ZS,,,
Los-Loop,"LibCity (Wang et al., 2023a)",Transport,W,,,P,P,,,,,,,,P,,,,P,,P,,P,,,,P,T/T,,,P,,
M_DENSE,"LibCity (Wang et al., 2023a)",Transport,W,,,,,,,,,,,,,,,,,,ZS,,,,,,ZS,T/T,,ZS,,,
M_DENSE,"LibCity (Wang et al., 2023a)",Transport,W,,,,ZS,,,,,,,,,,,,,,ZS,,,,,,ZS,T/T,,ZS,,,
PEMS Bay,"LibCity (Wang et al., 2023a)",Transport,W,,,P,P,,,,,,,,P,,,,P,,P,P,P,,,,P,P,,P,P,,P
PEMS03,"LibCity (Wang et al., 2023a)",Transport,W,,,P,P,,,,,,ZS,,P,,,,P,,P,P,P,,,,P,P,,P,P,,P
PEMS04,"LibCity (Wang et al., 2023a)",Transport,W,,,P,P,,,,,,ZS,,P,,,,P,,P,P,P,,,,P,P,,P,P,,P
PEMS07,"LibCity (Wang et al., 2023a)",Transport,W,,,P,P,,,,,,ZS,,P,,,,P,,P,P,P,,,,P,P,,P,P,,P
PEMS08,"LibCity (Wang et al., 2023a)",Transport,W,,,P,P,,,T/T,,,ZS,,P,,,,P,,P,P,P,,,,P,P,,P,P,,P
Q-Traffic,"LibCity (Wang et al., 2023a)",Transport,W,,P,P,P,,,,,,,,P,,,,P,,P,,P,,,,P,P,,P,P,P,
SHMetro,"LibCity (Wang et al., 2023a)",Transport,W,,P,P,P,,,,,,,,,,,,P,,P,,P,,,,P,P,,P,P,P,
SZ-Taxi,"LibCity (Wang et al., 2023a)",Transport,W,,P,,,,,,,,,,P,,,,P,,ZS,,,,,,ZS,T/T,,ZS,,P,
SZ-Taxi,"LibCity (Wang et al., 2023a)",Transport,W,,,,,,,,,,,,P,,,,,,ZS,,,,,,ZS,T/T,,ZS,,,
Rotterdam,"LibCity (Wang et al., 2023a)",Transport,W,,,P,P,,,,,,,,,,,,,,,,P,,,,,T/T,,,,,
Beijing Air Quality,"LOTSA_Others (Woo et al., 2024)",Nature,W,,,P,P,,,,P,,P,,,,,,P,,P,P,P,,,,P,P,,P,P,P,P
CDC Fluview ILINet,"LOTSA_Others (Woo et al., 2024)",Healthcare,W,,,P,P,,ZS,T/T,,T/T,,ZS,,,T/T,T/T,P,,P,,P,,,,P,P,,P,P,P,
CDC Fluview WHO NREVSS,"LOTSA_Others (Woo et al., 2024)",Healthcare,W,,,P,P,,,,,,,ZS,,,T/T,T/T,P,,P,,P,,,,P,P,,P,P,P,
China Air Quality,"LOTSA_Others (Woo et al., 2024)",Nature,W,,,P,P,,,,,,P,,,,,,P,,P,,P,,,,P,P,,P,P,P,
Favorita Sales,"LOTSA_Others (Woo et al., 2024)",Sales,W,,P,P,P,,,,,,,,,,,,P,,P,,P,,,,P,P,,P,P,P,
Favorita Transactions,"LOTSA_Others (Woo et al., 2024)",Sales,W,,,P,P,,,,,,,,,,,,P,,P,,P,,,,,P,,P,,,
GoDaddy,"LOTSA_Others (Woo et al., 2024)",Econ/Fin,W,,,P,P,,,,,,,,,,,,,,P,,P,,,,P,P,,P,P,P,
KDD Cup 2022,"LOTSA_Others (Woo et al., 2024)",Energy,W,,,P,P,,,,,,,,,,,,P,,P,,P,,,,P,P,,P,P,P,
Project Tycho,"LOTSA_Others (Woo et al., 2024)",Healthcare,W,,,P,P,,,,,,,,,,,,P,,P,,P,,,,,P,,P,,,
Residential Load Power,"LOTSA_Others (Woo et al., 2024)",Energy,W,,,P,P,,,,,,,,,,,,P,,P,,P,,,,P,P,,P,P,P,
Residential PV Power,"LOTSA_Others (Woo et al., 2024)",Energy,W,,,P,P,,,,,,,,,,,,P,,P,,P,,,,P,P,,P,P,P,
Restaurant,"LOTSA_Others (Woo et al., 2024)",Sales,W,,,,,,,,,,,,,,,,P,,,,,,,,,,,,,,
Solar,"LSTNet (Lai et al., 2017)",Energy,W,,,,,,,,,,,,,,,,,,ZS,T/T,,,,,ZS,T/T,,ZS,,,T/T
Solar,"LSTNet (Lai et al., 2017)",Energy,W,P,,,,,,,,,,,,,,,,,possible P,,P,,,,P,,,,P,,
Solar,"LSTNet (Lai et al., 2017)",Energy,W,P,,ZS,ZS,,,,,,,ZS,,,,,,,ZS,,P,,,,ZS,T/T,,ZS,P,,
Solar,"LSTNet (Lai et al., 2017)",Energy,W,,,,,,,,,,,,,,,,,,ZS,,,,,,ZS,T/T,,ZS,,,
Solar,"LSTNet (Lai et al., 2017)",Energy,W,,,,,,,,,,,,,,,,,,ZS,,,,,,ZS,T/T,,ZS,,,
Exchange Rate,"LSTNet (Lai et al., 2017)",Econ/Fin,W,ZS,,,,,ZS,T/T,ZS,,,,,ZS,,T/T,P,,,T/T,,,,,,,,,ZS,ZS,
Hierarchical Sales (M5 Competition),Mancuso et al. (2020),Sales,W,,,,,,,,,,,,,,,,P,,ZS,,,,,,ZS,T/T,,ZS,,,
Hierarchical Sales (M5 Competition),Mancuso et al. (2020),Sales,W,,,,,,,,,,,,,,,,,,ZS,,,,,,ZS,T/T,,ZS,,,
Australian Electricity Demand,"Monash (Godahewa et al., 2021)",Energy,W,ZS,ZS,T/T,T/T,,,P,P,,P,ZS,P,ZS,,,P,,P,P,T/T,,,,,P,,P,ZS,ZS,P
Bitcoin,"Monash (Godahewa et al., 2021)",Econ/Fin,W,,ZS,T/T,T/T,,,P,,,P,ZS,P,ZS,,,P,,P,P,T/T,,,,,P,,P,,,P
Car Parts,"Monash (Godahewa et al., 2021)",Sales,W,,,T/T,T/T,,,P,,,,ZS,,,,,P,,ZS,,T/T,,,,,T/T,,ZS,ZS,ZS,
CIF 2016,"Monash (Godahewa et al., 2021)",Econ/Fin,W,ZS,ZS,T/T,T/T,,,P,,,,ZS,,ZS,,,P,,P,,T/T,,,,,P,,P,ZS,ZS,
COVID Deaths,"Monash (Godahewa et al., 2021)",Healthcare,W,ZS,ZS,T/T,T/T,,,P,,,,ZS,,ZS,,,P,,ZS,,T/T,,,,,T/T,,ZS,ZS,ZS,
Covid Mobility,"Monash (Godahewa et al., 2021)",Transport,W,,,T/T,T/T,,,,,,,,,,,,P,,P,,T/T,,,,,P,,P,,,
Elecdemand,"Monash (Godahewa et al., 2021)",Energy,W,,,T/T,T/T,,,,,,,,,,,,P,,P,,T/T,,,,,P,,P,,,
Extended Web Traffic,"Monash (Godahewa et al., 2021)",Web,W,,,T/T,T/T,,,,,,P,,P,,,,P,,P,,T/T,,,,,P,,P,,,
FRED MD,"Monash (Godahewa et al., 2021)",Econ/Fin,W,ZS,ZS,T/T,T/T,,,P,,,,ZS,,ZS,,,P,,P,P,T/T,,,,,P,,P,ZS,ZS,P
Hospital,"Monash (Godahewa et al., 2021)",Healthcare,W,ZS,ZS,T/T,T/T,,,P,,,,ZS,,ZS,,,P,,ZS,,T/T,,,,,T/T,,ZS,ZS,ZS,
Kaggle Web Traffic Weekly,"Monash (Godahewa et al., 2021)",Web,W,,,P,P,,,P,,,,,,,,,P,,P,,P,,,,P,P,,P,P,P,
KDD Cup 2018,"Monash (Godahewa et al., 2021)",Nature,W,T/T,,T/T,T/T,,,P,P,,P,ZS,P,,,,P,,ZS,,T/T,,,,T/T,T/T,,ZS,P,,
KDD Cup 2018,"Monash (Godahewa et al., 2021)",Nature,W,,,,,,,,,,,,,,,,,,ZS,P,,,,,ZS,T/T,,ZS,,,P
London Smart Meters,"Monash (Godahewa et al., 2021)",Energy,W,T/T,,P,P,,,P,P,,P,,P,,,,P,,P,P,P,,,,T/T,P,,P,P,P,P
M1 Monthly,"Monash (Godahewa et al., 2021)",Econ/Fin,W,ZS,,T/T,T/T,,,P,,,,ZS,,,,,P,,P,,T/T,,,,,P,,P,ZS,ZS,
M1 Quarterly,"Monash (Godahewa et al., 2021)",Econ/Fin,W,ZS,,P,P,,,P,,,,,,,,,P,,P,,P,,,,,P,,P,ZS,ZS,
M1 Yearly,"Monash (Godahewa et al., 2021)",Econ/Fin,W,ZS,,P,P,,,P,,,,,,,,,P,,P,,P,,,,,P,,P,ZS,ZS,
M3 Monthly,"Monash (Godahewa et al., 2021)",Econ/Fin,W,ZS,,T/T,T/T,,,ZS,,T/T,,ZS,,,,,P,,P,,T/T,,,,,P,,P,ZS,ZS,
M3 Other,"Monash (Godahewa et al., 2021)",Econ/Fin,W,,,T/T,T/T,,,,,T/T,,ZS,,,,,,,P,,T/T,,,,,P,,P,,,
M3 Quarterly,"Monash (Godahewa et al., 2021)",Econ/Fin,W,ZS,,P,P,,,ZS,,T/T,,,,,,,P,,P,,P,,,,,P,,P,ZS,ZS,
M3 Yearly,"Monash (Godahewa et al., 2021)",Econ/Fin,W,ZS,,P,P,,,ZS,,T/T,,,,,,,P,,P,,P,,,,,P,,P,ZS,ZS,
M4 Daily,"Monash (Godahewa et al., 2021)",Econ/Fin,W,T/T,P,T/T,T/T,,,P,,T/T,,ZS,,,,,P,,ZS,,T/T,,,,T/T,T/T,,ZS,P,P,
M4 Hourly,"Monash (Godahewa et al., 2021)",Econ/Fin,W,T/T,P,T/T,T/T,,,P,,T/T,,ZS,,,,,P,,ZS,,T/T,,,,T/T,T/T,,ZS,P,P,
M4 Monthly,"Monash (Godahewa et al., 2021)",Econ/Fin,W,T/T,P,T/T,T/T,,,ZS,,T/T,,ZS,,,,,P,,ZS,,T/T,,,,T/T,T/T,,ZS,P,P,
M4 Quarterly,"Monash (Godahewa et al., 2021)",Econ/Fin,W,ZS,P,P,P,,,ZS,,T/T,,,,,,,P,,ZS,,P,,,,ZS,T/T,,ZS,ZS,P,
M4 Weekly,"Monash (Godahewa et al., 2021)",Econ/Fin,W,T/T,P,T/T,T/T,,,,,T/T,,ZS,,,,,P,,ZS,,T/T,,,,T/T,T/T,,ZS,P,,
M4 Yearly,"Monash (Godahewa et al., 2021)",Econ/Fin,W,ZS,P,P,P,,,ZS,,T/T,,,,,,,P,,ZS,,P,,,,ZS,T/T,,ZS,ZS,P,
NN5 Daily,"Monash (Godahewa et al., 2021)",Econ/Fin,W,ZS,ZS,T/T,T/T,,,P,,,,ZS,P,ZS,,,P,,P,P,T/T,,,,,P,,P,ZS,ZS,P
NN5 Weekly,"Monash (Godahewa et al., 2021)",Econ/Fin,W,ZS,ZS,T/T,T/T,,,P,,,,ZS,,ZS,,,,,P,,T/T,,,,,P,,P,ZS,ZS,
Oikolab Weather,"Monash (Godahewa et al., 2021)",Climate,W,,,T/T,T/T,,,,,,,,,,,,P,,P,,T/T,,,,,P,,P,,,
Pedestrian Counts,"Monash (Godahewa et al., 2021)",Transport,W,T/T,ZS,T/T,T/T,,,P,ZS,,P,ZS,,ZS,,,P,,P,P,T/T,,,,T/T,P,,P,P,,P
Rideshare,"Monash (Godahewa et al., 2021)",Transport,W,T/T,,T/T,T/T,,,P,,,,ZS,,,,,P,,P,,T/T,,,,T/T,P,,P,P,,
Saugeen,"Monash (Godahewa et al., 2021)",Nature,W,,ZS,T/T,T/T,,,P,,,P,ZS,P,ZS,,,P,,ZS,P,T/T,,,,ZS,T/T,,ZS,,,P
Saugeen,"Monash (Godahewa et al., 2021)",Nature,W,,,,,,,,,,,,,,,,,,ZS,,,,,,ZS,T/T,,ZS,,,
Saugeen,"Monash (Godahewa et al., 2021)",Nature,W,,,,,,,,,,,,,,,,,,ZS,,,,,,ZS,T/T,,ZS,,,
Solar Power (Australia),"Monash (Godahewa et al., 2021)",Energy,W,,,T/T,T/T,,,P,,,,,,,,,P,,P,P,T/T,,,,P,P,,P,P,P,
Solar,"Monash (Godahewa et al., 2021)",Energy,W,,ZS,,,,,P,,,,,P,ZS,,,,,,,,,,,,,,ZS,,,
Solar,"Monash (Godahewa et al., 2021)",Energy,W,,,,,,,P,P,,,,P,,,,,,,,,,,,,,,ZS,,,
Sunspot,"Monash (Godahewa et al., 2021)",Nature,W,,ZS,T/T,T/T,,,P,P,,P,ZS,P,ZS,,,P,,P,P,T/T,,,,,P,,P,,,P
Temperature Rain,"Monash (Godahewa et al., 2021)",Nature,W,T/T,,T/T,T/T,,,P,,,P,ZS,,,,,P,,ZS,P,T/T,,,,T/T,T/T,,ZS,P,,P
Tourism Monthly,"Monash (Godahewa et al., 2021)",Econ/Fin,W,ZS,ZS,,,,,P,,T/T,,ZS,,ZS,,,P,,P,,,,,,,P,,P,ZS,ZS,
Tourism Quarterly,"Monash (Godahewa et al., 2021)",Econ/Fin,W,ZS,ZS,,,,,P,,T/T,,ZS,,ZS,,,P,,P,,,,,,,P,,P,ZS,ZS,
Tourism Yearly,"Monash (Godahewa et al., 2021)",Econ/Fin,W,ZS,ZS,P,P,,,P,,T/T,,,,ZS,,,P,,P,,P,,,,,P,,P,ZS,ZS,
Traffic Hourly,"Monash (Godahewa et al., 2021)",Transport,W,ZS,P/ZS,T/T,T/T,,,T/T,P,T/T,ZS,ZS,ZS,ZS,T/T,,P,,P,T/T,T/T,,,,,P,,P,ZS,P,T/T
Traffic Weekly,"Monash (Godahewa et al., 2021)",Transport,W,,ZS,T/T,T/T,,ZS,P,,,,ZS,,ZS,,,P,,P,,T/T,,,,,P,,P,,,
US Births,"Monash (Godahewa et al., 2021)",Healthcare,W,,ZS,T/T,T/T,,,P,,,P,ZS,P,ZS,,,P,,ZS,P,T/T,,,,ZS,T/T,,ZS,,,P
US Births,"Monash (Godahewa et al., 2021)",Healthcare,W,,,,,,,,,,,,,,,,,,ZS,,,,,,ZS,T/T,,ZS,,,
US Births,"Monash (Godahewa et al., 2021)",Healthcare,W,,,,,,,,,,,,,,,,,,ZS,,,,,,ZS,T/T,,ZS,,,
Vehicle Trips,"Monash (Godahewa et al., 2021)",Transport,W,,,T/T,T/T,,,P,,,,ZS,,,,,P,,P,,T/T,,,,,P,,P,,,
Weather (Australia),"Monash (Godahewa et al., 2021)",Climate,W,ZS,ZS,T/T,T/T,,,P,ZS,,,ZS,P,,T/T,T/T,P,,P,P,T/T,,,,,P,,P,ZS,,P
Wind Farms,"Monash (Godahewa et al., 2021)",Energy,W,,,T/T,T/T,,,P,,,,,,,,,P,,P,P,T/T,,,,,P,,P,,,P
Wind Farms,"Monash (Godahewa et al., 2021)",Energy,W,P,,,,,,,,,,,P,,,,,,,,P,,,,P,,,,P,,
Wind Farms,"Monash (Godahewa et al., 2021)",Energy,W,P,,,,,,,,,,,,,,,,,possible P,,P,,,,P,,,,P,,
Wind Farms,"Monash (Godahewa et al., 2021)",Energy,W,,,,,,,,P,,,,,,,,,,possible P,,,,,,,,,,,,
Wind Power,"Monash (Godahewa et al., 2021)",Energy,W,,,T/T,T/T,,,P,,,P,,,,,,,,P,P,T/T,,,,P,P,,P,P,P,P
Kaggle Web Traffic Daily,"Monash (Godahewa et al., 2021)",Web,W,,,,,,,P,,,,,,,,,,,P,P,,,,,,,,,,,P
Restaurant Recruit,Other,Sales,W,,,,,,,,,,,,,,,,,,ZS,,,,,,ZS,T/T,,ZS,,,
Subseasonal,Other,Climate,W,,,P,P,,,,,,,,,,,,P,,P,,P,,,,P,P,,P,P,P,
Subseasonal Precipitation,Other,Climate,W,,,P,P,,,,,,,,,,,,P,,P,,P,,,,P,P,,P,P,,
USHCN,Other,Weather,W,P,,,,,,,,,,,,,,,,,possible P,,P,,,,P,P,,,P,,
Mexico City Bikes,Other,Transport,W,P,,,,,,,,,,,,,,,P,,possible P,,P,,,,P,P,,,P,,
Dominick,Other,Sales,W,ZS,,,,,,P,,,,,,,,,P,,,,,,,,,P,,,ZS,ZS,
ERCOT Load,Other,Energy,W,ZS,,,,,,,,,,,,,,,P,,,,,,,,,P,,,ZS,ZS,
Weather (US),Other,Weather,W,,P,,,,,,,,,,,ZS,,,,,,,,,,,,,,,,,
Bike Sharing,Other,Transport,W,,,,,,,,,,,,ZS,ZS,,,,,,,,,,,,,,,,,
CC Carbon,Other,Energy,W,,,,,,,,,,,,ZS,,,,,,,,,,,,,,,,,,
Air Quality,Other,Nature,W,,,,,,,,P,,,,,,,,,,,,,,,,,,,,,,
Beijing PM 2.5,Other,Nature,W,,,,,,,,ZS,,,,,,,,,,,,,,,,,,,,,,
TDBrain,Other,Healthcare,W,,,,,,,,,,P,,,,,,,,,P,,,,,,,,,,,P
SensorData,Other,IoT,W,,,,,,,,,,P,,,,,,,,,,,,,,,,,,,,
BDG-2 Bull,"ProEnFo (Wang et al., 2023b)",Energy,W,,,P,P,,,,,,,,,,,,P,,P,,P,,,,,P,,P,,,
BDG-2 Cockatoo,"ProEnFo (Wang et al., 2023b)",Energy,W,,,P,P,,,,,,,,,,,,P,,P,,P,,,,,P,,P,,,
BDG-2 Hog,"ProEnFo (Wang et al., 2023b)",Energy,W,,,P,P,,,,,,,,,,,,P,,P,,P,,,,,P,,P,,,
Covid19 Energy,"ProEnFo (Wang et al., 2023b)",Energy,W,,,P,P,,,,,,,,,,,,P,,P,,P,,,,,P,,P,,,
ELF,"ProEnFo (Wang et al., 2023b)",Energy,W,,,P,P,,,,,,,,,,,,,,P,,P,,,,,P,,P,,,
GEF12,"ProEnFo (Wang et al., 2023b)",Energy,W,,,P,P,,,,,,,,,,,,P,,P,,P,,,,,P,,P,,,
GEF14,"ProEnFo (Wang et al., 2023b)",Energy,W,,,P,P,,,,,,,,,,,,P,,P,,P,,,,,P,,P,,,
GEF17,"ProEnFo (Wang et al., 2023b)",Energy,W,,,P,P,,,,,,,,,,,,,,P,,P,,,,,P,,P,,,
PDB,"ProEnFo (Wang et al., 2023b)",Energy,W,,,P,P,,,,,,,,,,,,P,,P,,P,,,,,P,,P,,,
Spanish,"ProEnFo (Wang et al., 2023b)",Energy,W,P,,P,P,,,,,,,,,,,,P,,P,,P,,,,P,P,,P,P,,
Australia Rainfall,"Tan et al., 2021",Nature,W,,,,,,,,,,P,,,,,,,,,,,,,,,,,,,,
Beijing PM 2.5,"Tan et al., 2021",Nature,W,,,,,,,,,,P,,,,,,,,,,,,,,,,,,,,
BenzeneConcentration,"Tan et al., 2021",Nature,W,,,,,,,,,,P,,,,,,,,,,,,,,,,,,,,
IEEEPPG,"Tan et al., 2021",Healthcare,W,,,,,,,,,,P,,,,,,,,,,,,,,,,,,,,
BIDMC32HR,"Tan et al., 2021",Healthcare,W,,,,,,,,,,P,,,,,,,,,,,,,,,,,,,,
Dodger,"TSB-UAD (Paparrizos et al., 2022)",Traffic,W,,,,,,,P,,,,,,,,,,,,,,,,,,,,,,,
ECG,"TSB-UAD (Paparrizos et al., 2022)",Healthcare,W,,,,,,,P,,,,,,,,,,,,,P,,,,,,,,,,
IOPS,"TSB-UAD (Paparrizos et al., 2022)",Web,W,,,,,,,P,,,,,,,,,,,,,,,,,,,,,,,
KDD21,"TSB-UAD (Paparrizos et al., 2022)",Multiple,W,,,,,,,P,,,,,,,,,,,,,,,,,,,,,,,
MGAB,"TSB-UAD (Paparrizos et al., 2022)",Synthetic,W,,,,,,,P,,,,,,,,,,,,,,,,,,,,,,,
NAB,"TSB-UAD (Paparrizos et al., 2022)",Web,W,,,,,,,P,,,,,,,,,,,,,,,,,,,,,,,
SensorScope,"TSB-UAD (Paparrizos et al., 2022)",Nature,W,,,,,,,P,,,,,,,,,,,,,,,,,,,,,,,
YAHOO,"TSB-UAD (Paparrizos et al., 2022)",Web,W,,,,,,,P,,,,,,,,,,,,,,,,,,,,,,,
NASA-MSL,"TSB-UAD (Paparrizos et al., 2022)",Sensor,W,,,,,,,P,,,,,,,,,,,,,,,,,,,,,,,
NASA-SMAP,"TSB-UAD (Paparrizos et al., 2022)",Sensor,W,,,,,,,P,,,,,,,,,,,,,,,,,,,,,,,
Daphnet,"TSB-UAD (Paparrizos et al., 2022)",Gait,W,,,,,,,P,,,,,,,,,,,,,,,,,,,,,,,
GHL,"TSB-UAD (Paparrizos et al., 2022)",Sensor,W,,,,,,,P,,,,,,,,,,,,,,,,,,,,,,,
Genesis,"TSB-UAD (Paparrizos et al., 2022)",Sensor,W,,,,,,,P,,,,,,,,,,,,,,,,,,,,,,,
MITDB,"TSB-UAD (Paparrizos et al., 2022)",Healthcare,W,,,,,,,P,,,,,,,,,,,,,,,,,,,,,,,
OPP,"TSB-UAD (Paparrizos et al., 2022)",Sensor,W,,,,,,,P,,,,,,,,,,,,,,,,,,,,,,,
Occupancy,"TSB-UAD (Paparrizos et al., 2022)",Sensor,W,,,,,,,P,,,,,,,,,,,,,,,,,,,,,,,
SMD,"TSB-UAD (Paparrizos et al., 2022)",Web,W,,,,,,,P,,,,,,,,,,,,,,,,,,,,,,,
SZSDB,"TSB-UAD (Paparrizos et al., 2022)",Healthcare,W,,,,,,,P,,,,,,,,,,,,,,,,,,,,,,,
Electricity,"UCI ML Archive (Trindade, 2015)",Energy,W,T/T,P,,,,,T/T,,,,,,,,,P,ZS,,,T/T,,,,T/T,T/T,,ZS,P,,
Electricity,"UCI ML Archive (Trindade, 2015)",Energy,W,T/T,P,ZS,ZS,,,T/T,P,T/T,ZS,ZS,ZS,ZS,T/T,T/T,,ZS,,T/T,ZS,,,,T/T,T/T,,ZS,P,P,T/T
Electricity,"UCI ML Archive (Trindade, 2015)",Energy,W,,,,,,ZS,,,,,,,,,,,ZS,,,,,,,ZS,T/T,,ZS,,,
Electricity,"UCI ML Archive (Trindade, 2015)",Energy,W,T/T,,,,,,,,,,,,,,,,ZS,,,,,,,T/T,T/T,,ZS,,,
Electricity,"UCI ML Archive (Trindade, 2015)",Energy,W,,,,,,,,,T/T,,,,,,,,,,,,,,,,T/T,,,,,
Electricity,"UCI ML Archive (Trindade, 2015)",Energy,W,,,,,,,P,,,,,,,,,P,,,,,,,,,,,,P,,
SemgHandGenderCh2,"UCR Archive (Ismail Fawaz et al., 2019)",Human,W,,,,,,,P,,,,,,,,,,,,,,,,,,,,,,,
GestureMidAirD2,"UCR Archive (Ismail Fawaz et al., 2019)",Human,W,,,,,,,P,,,,,,,,,,,,,,,,,,,,,,,
UWaveGestureLibraryAll,"UCR Archive (Ismail Fawaz et al., 2019)",Human,W,,,,,,,T/T,,,,,,,,,,,,,,,,,,,,,,,
SelfRegulationSCP1,"UCR Archive (Ismail Fawaz et al., 2019)",Healthcare,W,,,,,,,P,,,P,,,,,,,,,P,,,,,,,,,,,P
UWaveGestureLibraryX,"UCR Archive (Ismail Fawaz et al., 2019)",Human,W,,,,,,,P,,,,,,,,,,,,,,,,,,,,,,,
GesturePebbleZ2,"UCR Archive (Ismail Fawaz et al., 2019)",Human,W,,,,,,,P,,,,,,,,,,,,,,,,,,,,,,,
Healthcare5000 (orignally: ECG5000),"UCR Archive (Ismail Fawaz et al., 2019)",Healthcare,W,,,,,,,T/T,,,,,,,,,,,,,P,,,,,,,,,,
OSULeaf,"UCR Archive (Ismail Fawaz et al., 2019)",Nature,W,,,,,,,T/T,,,,,,,,,,,,,,,,,,,,,,,
MedicalImages,"UCR Archive (Ismail Fawaz et al., 2019)",Healthcare,W,,,,,,,T/T,,,,,,,,,,,,,,,,,,,,,,,
Haptics,"UCR Archive (Ismail Fawaz et al., 2019)",Human,W,,,,,,,P,,,,,,,,,,,,,,,,,,,,,,,
LargeKitchenAppliances,"UCR Archive (Ismail Fawaz et al., 2019)",Power,W,,,,,,,P,,,,,,,,,,,,,,,,,,,,,,,
Japanesevowels,"UCR Archive (Ismail Fawaz et al., 2019)",Audio,W,,,,,,,P,,,,,,,,,,,,,,,,,,,,,,,
Worms,"UCR Archive (Ismail Fawaz et al., 2019)",Nature,W,,,,,,,P,,,,,,,,,,,,P,,,,,,,,,,,P
Ham,"UCR Archive (Ismail Fawaz et al., 2019)",Facilities,W,,,,,,,T/T,,,,,,,,,,,,,,,,,,,,,,,
DistalPhalanxTW,"UCR Archive (Ismail Fawaz et al., 2019)",Nature,W,,,,,,,P,,,,,,,,,,,,,,,,,,,,,,,
ProximalPhalanxOutlineCorrect,"UCR Archive (Ismail Fawaz et al., 2019)",Nature,W,,,,,,,P,,,,,,,,,,,,,,,,,,,,,,,
SemgHandMovementCh2,"UCR Archive (Ismail Fawaz et al., 2019)",Human,W,,,,,,,P,,,,,,,,,,,,,,,,,,,,,,,
RefrigerationDevices,"UCR Archive (Ismail Fawaz et al., 2019)",Power,W,,,,,,,P,,,,,,,,,,,,,,,,,,,,,,,
FreezerRegularTrain,"UCR Archive (Ismail Fawaz et al., 2019)",Facilities,W,,,,,,,P,,,,,,,,,,,,,,,,,,,,,,,
PigAirwayPressure,"UCR Archive (Ismail Fawaz et al., 2019)",Nature,W,,,,,,,P,,,,,,,,,,,,,,,,,,,,,,,
TwoLeadECG,"UCR Archive (Ismail Fawaz et al., 2019)",Healthcare,W,,,,,,,P,,,,,,,,,,,,,,,,,,,,,,,
GunPointMaleversusFemale,"UCR Archive (Ismail Fawaz et al., 2019)",Human,W,,,,,,,P,,,,,,,,,,,,,,,,,,,,,,,
Trace,"UCR Archive (Ismail Fawaz et al., 2019)",Power,W,,,,,,,P,,,,,,,,,,,,,,,,,,,,,,,
SmoothSubspace,"UCR Archive (Ismail Fawaz et al., 2019)",Generated,W,,,,,,,P,,,,,,,,,,,,,,,,,,,,,,,
MiddlePhalanxTW,"UCR Archive (Ismail Fawaz et al., 2019)",Nature,W,,,,,,,P,,,,,,,,,,,,,,,,,,,,,,,
AtrialFibrillation,"UCR Archive (Ismail Fawaz et al., 2019)",Healthcare,W,,,,,,,P,,,P,,,,,,,,,P,,,,,,,,,,,P
SyntheticControl,"UCR Archive (Ismail Fawaz et al., 2019)",Generated,W,,,,,,,P,,,,,,,,,,,,,,,,,,,,,,,
ShapesAll,"UCR Archive (Ismail Fawaz et al., 2019)",Generated,W,,,,,,,P,,,,,,,,,,,,,,,,,,,,,,,
Human,"UCR Archive (Ismail Fawaz et al., 2019)",BodyZSerticalSignal,W,,,,,,,P,,,,,,,,,,,,,,,,,,,,,,,
PLAID,"UCR Archive (Ismail Fawaz et al., 2019)",Facilities,W,,,,,,,P,,,,,,,,,,,,,,,,,,,,,,,
AllGestureWiimoteX,"UCR Archive (Ismail Fawaz et al., 2019)",Human,W,,,,,,,P,,,,,,,,,,,,,,,,,,,,,,,
Heartbeat,"UCR Archive (Ismail Fawaz et al., 2019)",Healthcare,W,,,,,,,P,,,,,,,,,,,,,,,,,,,,,,,
Wafer,"UCR Archive (Ismail Fawaz et al., 2019)",Facilities,W,,,,,,,P,,,,,,,,,,,,,,,,,,,,,,,
FaceFour,"UCR Archive (Ismail Fawaz et al., 2019)",Generated,W,,,,,,,P,,,,,,,,,,,,,,,,,,,,,,,
Phoneme,"UCR Archive (Ismail Fawaz et al., 2019)",Audio,W,,,,,,,P,,,P,,,,,,,,,P,,,,,,,,,,,P
InlineSkate,"UCR Archive (Ismail Fawaz et al., 2019)",Human,W,,,,,,,P,,,,,,,,,,,,,,,,,,,,,,,
CricketX,"UCR Archive (Ismail Fawaz et al., 2019)",Human Body,W,,,,,,,P,,,,,,,,,,,,,,,,,,,,,,,
SelfRegulationSCP2,"UCR Archive (Ismail Fawaz et al., 2019)",Healthcare,W,,,,,,,P,,,P,,,,,,,,,P,,,,,,,,,,,P
DistalPhalanxOutlineCorrect,"UCR Archive (Ismail Fawaz et al., 2019)",Nature,W,,,,,,,P,,,,,,,,,,,,,,,,,,,,,,,
ChlorineConcentration,"UCR Archive (Ismail Fawaz et al., 2019)",Nature,W,,,,,,,P,,,,,,,,,,,,,,,,,,,,,,,
Chinatown,"UCR Archive (Ismail Fawaz et al., 2019)",Traffic,W,,,,,,,P,,,,,,,,,,,,,,,,,,,,,,,
GestureMidAirD1,"UCR Archive (Ismail Fawaz et al., 2019)",Human,W,,,,,,,P,,,,,,,,,,,,,,,,,,,,,,,
MiddlePhalanxOutlineAgeGroup,"UCR Archive (Ismail Fawaz et al., 2019)",Nature,W,,,,,,,P,,,,,,,,,,,,,,,,,,,,,,,
UMD,"UCR Archive (Ismail Fawaz et al., 2019)",Generated,W,,,,,,,P,,,,,,,,,,,,,,,,,,,,,,,
Crop,"UCR Archive (Ismail Fawaz et al., 2019)",Nature,W,,,,,,,P,,,,,,,,,,,,,,,,,,,,,,,
PenDigits,"UCR Archive (Ismail Fawaz et al., 2019)",Facilities,W,,,,,,,P,,,,,,,,,,,,,,,,,,,,,,,
GesturePebbleZ1,"UCR Archive (Ismail Fawaz et al., 2019)",Human,W,,,,,,,P,,,,,,,,,,,,,,,,,,,,,,,
Handwriting,"UCR Archive (Ismail Fawaz et al., 2019)",Facilities,W,,,,,,,P,,,,,,,,,,,,,,,,,,,,,,,
Mallat,"UCR Archive (Ismail Fawaz et al., 2019)",Generated,W,,,,,,,P,,,,,,,,,,,,,,,,,,,,,,,
ERing,"UCR Archive (Ismail Fawaz et al., 2019)",Human,W,,,,,,,P,,,,,,,,,,,,,,,,,,,,,,,
StarLightCurves,"UCR Archive (Ismail Fawaz et al., 2019)",Nature,W,,,,,,,P,,,P,,,,,,,,,P,,,,,,,,,,,P
WordSynonyms,"UCR Archive (Ismail Fawaz et al., 2019)",Audio,W,,,,,,,P,,,,,,,,,,,,,,,,,,,,,,,
PEMS-SF,"UCR Archive (Ismail Fawaz et al., 2019)",Traffic,W,,,,,,,P,,,,,,,,,,,,,,,,,,,,,,,
FaceDetection,"UCR Archive (Ismail Fawaz et al., 2019)",Human,W,,,,,,,P,,,,,,,,,,,,,,,,,,,,,,,
Computers,"UCR Archive (Ismail Fawaz et al., 2019)",Power,W,,,,,,,P,,,,,,,,,,,,,,,,,,,,,,,
ArrowHead,"UCR Archive (Ismail Fawaz et al., 2019)",Generated,W,,,,,,,P,,,,,,,,,,,,,,,,,,,,,,,
Wine,"UCR Archive (Ismail Fawaz et al., 2019)",Nature,W,,,,,,,P,,,,,,,,,,,,,,,,,,,,,,,
Coffee,"UCR Archive (Ismail Fawaz et al., 2019)",Nature,W,,,,,,,P,,,,,,,,,,,,,,,,,,,,,,,
Earthquakes,"UCR Archive (Ismail Fawaz et al., 2019)",Nature,W,,,,,,,P,,,,,,,,,,,,,,,,,,,,,,,
Herring,"UCR Archive (Ismail Fawaz et al., 2019)",Nature,W,,,,,,,P,,,,,,,,,,,,,,,,,,,,,,,
Lightning2,"UCR Archive (Ismail Fawaz et al., 2019)",Nature,W,,,,,,,P,,,,,,,,,,,,,,,,,,,,,,,
Beef,"UCR Archive (Ismail Fawaz et al., 2019)",Nature,W,,,,,,,P,,,,,,,,,,,,,,,,,,,,,,,
MiddlePhalanxOutlineCorrect,"UCR Archive (Ismail Fawaz et al., 2019)",Nature,W,,,,,,,P,,,,,,,,,,,,,,,,,,,,,,,
HealthcareFiveDays,"UCR Archive (Ismail Fawaz et al., 2019)",Healthcare,W,,,,,,,P,,,,,,,,,,,,,,,,,,,,,,,
Yoga,"UCR Archive (Ismail Fawaz et al., 2019)",Human,W,,,,,,,P,,,,,,,,,,,,,,,,,,,,,,,
Adiac,"UCR Archive (Ismail Fawaz et al., 2019)",Nature,W,,,,,,,P,,,,,,,,,,,,,,,,,,,,,,,
HandMovementDirection,"UCR Archive (Ismail Fawaz et al., 2019)",Human,W,,,,,,,P,,,,,,,,,,,,,,,,,,,,,,,
MoteStrain,"UCR Archive (Ismail Fawaz et al., 2019)",Facilities,W,,,,,,,P,,,,,,,,,,,,,,,,,,,,,,,
Rock,"UCR Archive (Ismail Fawaz et al., 2019)",Nature,W,,,,,,,P,,,,,,,,,,,,,,,,,,,,,,,
Strawberry,"UCR Archive (Ismail Fawaz et al., 2019)",Nature,W,,,,,,,P,,,,,,,,,,,,,,,,,,,,,,,
InsectWingbeatSound,"UCR Archive (Ismail Fawaz et al., 2019)",Nature,W,,,,,,,P,,,,,,,,,,,,,,,,,,,,,,,
DodgerLoopWeekend,"UCR Archive (Ismail Fawaz et al., 2019)",Traffic,W,,,,,,,P,,,,,,,,,,,,,,,,,,,,,,,
MixedShapesSmallTrain,"UCR Archive (Ismail Fawaz et al., 2019)",Generated,W,,,,,,,P,,,,,,,,,,,,,,,,,,,,,,,
EthanolConcentration,"UCR Archive (Ismail Fawaz et al., 2019)",Power,W,,,,,,,P,,,,,,,,,,,,,,,,,,,,,,,
OliveOil,"UCR Archive (Ismail Fawaz et al., 2019)",Nature,W,,,,,,,P,,,,,,,,,,,,,,,,,,,,,,,
Meat,"UCR Archive (Ismail Fawaz et al., 2019)",Nature,W,,,,,,,P,,,,,,,,,,,,,,,,,,,,,,,
MelbournePedestrian,"UCR Archive (Ismail Fawaz et al., 2019)",Traffic,W,,,,,,,P,,,,,,,,,,,,,,,,,,,,,,,
Car,"UCR Archive (Ismail Fawaz et al., 2019)",Facilities,W,,,,,,,P,,,,,,,,,,,,,,,,,,,,,,,
FaceAll,"UCR Archive (Ismail Fawaz et al., 2019)",Human,W,,,,,,,P,,,,,,,,,,,,,,,,,,,,,,,
FacesUCR,"UCR Archive (Ismail Fawaz et al., 2019)",Human,W,,,,,,,P,,,,,,,,,,,,,,,,,,,,,,,
AllGestureWiimoteY,"UCR Archive (Ismail Fawaz et al., 2019)",Human,W,,,,,,,P,,,,,,,,,,,,,,,,,,,,,,,
NATOPS,"UCR Archive (Ismail Fawaz et al., 2019)",Human,W,,,,,,,P,,,,,,,,,,,,,,,,,,,,,,,
SemgHandSubjectCh2,"UCR Archive (Ismail Fawaz et al., 2019)",Human,W,,,,,,,P,,,,,,,,,,,,,,,,,,,,,,,
ShakeGestureWiimoteZ,"UCR Archive (Ismail Fawaz et al., 2019)",Human,W,,,,,,,P,,,,,,,,,,,,,,,,,,,,,,,
Cricket,"UCR Archive (Ismail Fawaz et al., 2019)",Human,W,,,,,,,P,,,,,,,,,,,,,,,,,,,,,,,
BME,"UCR Archive (Ismail Fawaz et al., 2019)",Generated,W,,,,,,,P,,,,,,,,,,,,,,,,,,,,,,,
EigenWorms,"UCR Archive (Ismail Fawaz et al., 2019)",Nature,W,,,,,,,P,,,P,,,,,,,,,P,,,,,,,,,,,P
FordB,"UCR Archive (Ismail Fawaz et al., 2019)",Facilities,W,,,,,,,P,,,,,,,,,,,,,,,,,,,,,,,
NonInvasiveFetalHealthcareThorax1,"UCR Archive (Ismail Fawaz et al., 2019)",Healthcare,W,,,,,,,P,,,,,,,,,,,,,,,,,,,,,,,
UWaveGestureLibrary,"UCR Archive (Ismail Fawaz et al., 2019)",Human,W,,,,,,,P,,,,,,,,,,,,,,,,,,,,,,,
CinCHealthcareTorso,"UCR Archive (Ismail Fawaz et al., 2019)",Healthcare,W,,,,,,,P,,,,,,,,,,,,,,,,,,,,,,,
PigArtPressure,"UCR Archive (Ismail Fawaz et al., 2019)",Nature,W,,,,,,,P,,,P,,,,,,,,,P,,,,,,,,,,,P
Fish,"UCR Archive (Ismail Fawaz et al., 2019)",Nature,W,,,,,,,P,,,,,,,,,,,,,,,,,,,,,,,
SonyAIBORobotSurface2,"UCR Archive (Ismail Fawaz et al., 2019)",Facilities,W,,,,,,,P,,,,,,,,,,,,,,,,,,,,,,,
FiftyWords,"UCR Archive (Ismail Fawaz et al., 2019)",Facilities,W,,,,,,,P,,,,,,,,,,,,,,,,,,,,,,,
MotorImagery,"UCR Archive (Ismail Fawaz et al., 2019)",Healthcare,W,,,,,,,P,,,P,,,,,,,,,P,,,,,,,,,,,P
ToeSegmentation1,"UCR Archive (Ismail Fawaz et al., 2019)",Human,W,,,,,,,P,,,,,,,,,,,,,,,,,,,,,,,
PhonemeSpectra,"UCR Archive (Ismail Fawaz et al., 2019)",Audio,W,,,,,,,P,,,,,,,,,,,,,,,,,,,,,,,
FreezerSmallTrain,"UCR Archive (Ismail Fawaz et al., 2019)",Facilities,W,,,,,,,P,,,,,,,,,,,,,,,,,,,,,,,
TwoPatterns,"UCR Archive (Ismail Fawaz et al., 2019)",Generated,W,,,,,,,P,,,,,,,,,,,,,,,,,,,,,,,
ShapeletSim,"UCR Archive (Ismail Fawaz et al., 2019)",Generated,W,,,,,,,P,,,,,,,,,,,,,,,,,,,,,,,
Plane,"UCR Archive (Ismail Fawaz et al., 2019)",Generated,W,,,,,,,P,,,,,,,,,,,,,,,,,,,,,,,
GestureMidAirD3,"UCR Archive (Ismail Fawaz et al., 2019)",Human,W,,,,,,,P,,,,,,,,,,,,,,,,,,,,,,,
DiatomSizeReduction,"UCR Archive (Ismail Fawaz et al., 2019)",Generated,W,,,,,,,P,,,,,,,,,,,,,,,,,,,,,,,
Human,"UCR Archive (Ismail Fawaz et al., 2019)",BodyHorizontalSignal,W,,,,,,,P,,,,,,,,,,,,,,,,,,,,,,,
CricketZ,"UCR Archive (Ismail Fawaz et al., 2019)",Human,W,,,,,,,P,,,,,,,,,,,,,,,,,,,,,,,
StandWalkJump,"UCR Archive (Ismail Fawaz et al., 2019)",Human,W,,,,,,,P,,,,,,,,,,,,,,,,,,,,,,,
WormsTwoClass,"UCR Archive (Ismail Fawaz et al., 2019)",Human,W,,,,,,,P,,,,,,,,,,,,,,,,,,,,,,,
Lightning7,"UCR Archive (Ismail Fawaz et al., 2019)",Nature,W,,,,,,,P,,,,,,,,,,,,,,,,,,,,,,,
UWaveGestureLibraryY,"UCR Archive (Ismail Fawaz et al., 2019)",Human,W,,,,,,,P,,,,,,,,,,,,,,,,,,,,,,,
GunPointAgeSpan,"UCR Archive (Ismail Fawaz et al., 2019)",Human,W,,,,,,,P,,,,,,,,,,,,,,,,,,,,,,,
DistalPhalanxOutlineAgeGroup,"UCR Archive (Ismail Fawaz et al., 2019)",Nature,W,,,,,,,P,,,,,,,,,,,,,,,,,,,,,,,
SwedishLeaf,"UCR Archive (Ismail Fawaz et al., 2019)",Nature,W,,,,,,,P,,,,,,,,,,,,,,,,,,,,,,,
LSST,"UCR Archive (Ismail Fawaz et al., 2019)",Nature,W,,,,,,,P,,,,,,,,,,,,,,,,,,,,,,,
CBF,"UCR Archive (Ismail Fawaz et al., 2019)",Generated,W,,,,,,,P,,,,,,,,,,,,,,,,,,,,,,,
BeetleFly,"UCR Archive (Ismail Fawaz et al., 2019)",Nature,W,,,,,,,P,,,,,,,,,,,,,,,,,,,,,,,
Libras,"UCR Archive (Ismail Fawaz et al., 2019)",Human,W,,,,,,,P,,,,,,,,,,,,,,,,,,,,,,,
HouseTwenty,"UCR Archive (Ismail Fawaz et al., 2019)",Facilities,W,,,,,,,P,,,,,,,,,,,,,,,,,,,,,,,
ScreenType,"UCR Archive (Ismail Fawaz et al., 2019)",Facilities,W,,,,,,,P,,,,,,,,,,,,,,,,,,,,,,,
InsectEPGSmallTrain,"UCR Archive (Ismail Fawaz et al., 2019)",Nature,W,,,,,,,P,,,,,,,,,,,,,,,,,,,,,,,
AllGestureWiimoteZ,"UCR Archive (Ismail Fawaz et al., 2019)",Sensor,W,,,,,,,P,,,,,,,,,,,,,,,,,,,,,,,
DodgerLoopDay,"UCR Archive (Ismail Fawaz et al., 2019)",Sensor,W,,,,,,,P,,,,,,,,,,,,,,,,,,,,,,,
NonInZSasiZSeFetalHealthcareThorax2,"UCR Archive (Ismail Fawaz et al., 2019)",Healthcare,W,,,,,,,P,,,,,,,,,,,,,,,,,,,,,,,
BasicHuman,"UCR Archive (Ismail Fawaz et al., 2019)",Bodys,W,,,,,,,P,,,,,,,,,,,,,,,,,,,,,,,
GunPointOldversusYoung,"UCR Archive (Ismail Fawaz et al., 2019)",Human,W,,,,,,,P,,,,,,,,,,,,,,,,,,,,,,,
FordA,"UCR Archive (Ismail Fawaz et al., 2019)",Sensor,W,,,,,,,P,,,,,,,,,,,,,,,,,,,,,,,
InsectWingbeat,"UCR Archive (Ismail Fawaz et al., 2019)",Nature,W,,,,,,,P,,,,,,,,,,,,,,,,,,,,,,,
ItalyPowerDemand,"UCR Archive (Ismail Fawaz et al., 2019)",Power,W,,,,,,,P,,,,,,,,,,,,,,,,,,,,,,,
ProximalPhalanxOutlineAgeGroup,"UCR Archive (Ismail Fawaz et al., 2019)",Nature,W,,,,,,,P,,,,,,,,,,,,,,,,,,,,,,,
ACSF1,"UCR Archive (Ismail Fawaz et al., 2019)",Power,W,,,,,,,P,,,,,,,,,,,,,,,,,,,,,,,
GunPoint,"UCR Archive (Ismail Fawaz et al., 2019)",Human,W,,,,,,,P,,,,,,,,,,,,,,,,,,,,,,,
RacketSports,"UCR Archive (Ismail Fawaz et al., 2019)",Human,W,,,,,,,P,,,,,,,,,,,,,,,,,,,,,,,
SmallKitchenAppliances,"UCR Archive (Ismail Fawaz et al., 2019)",Power,W,,,,,,,P,,,,,,,,,,,,,,,,,,,,,,,
ProximalPhalanxTW,"UCR Archive (Ismail Fawaz et al., 2019)",Nature,W,,,,,,,P,,,,,,,,,,,,,,,,,,,,,,,
DuckDuckGeese,"UCR Archive (Ismail Fawaz et al., 2019)",Facilities,W,,,,,,,P,,,,,,,,,,,,,,,,,,,,,,,
PickupGestureWiimoteZ,"UCR Archive (Ismail Fawaz et al., 2019)",Human,W,,,,,,,P,,,,,,,,,,,,,,,,,,,,,,,
EthanolLevel,"UCR Archive (Ismail Fawaz et al., 2019)",Power,W,,,,,,,P,,,,,,,,,,,,,,,,,,,,,,,
SpokenArabicDigits,"UCR Archive (Ismail Fawaz et al., 2019)",Audio,W,,,,,,,P,,,,,,,,,,,,,,,,,,,,,,,
SonyAIBORobotSurface1,"UCR Archive (Ismail Fawaz et al., 2019)",Facilities,W,,,,,,,P,,,,,,,,,,,,,,,,,,,,,,,
HandOutlines,"UCR Archive (Ismail Fawaz et al., 2019)",Human,W,,,,,,,P,,,,,,,,,,,,,,,,,,,,,,,
PowerCons,"UCR Archive (Ismail Fawaz et al., 2019)",Power,W,,,,,,,P,,,,,,,,,,,,,,,,,,,,,,,
PhalangesOutlinesCorrect,"UCR Archive (Ismail Fawaz et al., 2019)",Nature,W,,,,,,,P,,,,,,,,,,,,,,,,,,,,,,,
BirdChicken,"UCR Archive (Ismail Fawaz et al., 2019)",Nature,W,,,,,,,P,,,,,,,,,,,,,,,,,,,,,,,
ToeSegmentation2,"UCR Archive (Ismail Fawaz et al., 2019)",Human,W,,,,,,,P,,,,,,,,,,,,,,,,,,,,,,,
PigCVP,"UCR Archive (Ismail Fawaz et al., 2019)",Healthcare,W,,,,,,,P,,,P,,,,,,,,,P,,,,,,,,,,,P
CricketY,"UCR Archive (Ismail Fawaz et al., 2019)",Human,W,,,,,,,P,,,,,,,,,,,,,,,,,,,,,,,
FingerMovements,"UCR Archive (Ismail Fawaz et al., 2019)",Human,W,,,,,,,P,,,,,,,,,,,,,,,,,,,,,,,
ElectricDevices,"UCR Archive (Ismail Fawaz et al., 2019)",Power,W,,,,,,,P,,,,,,,,,,,,,,,,,,,,,,,
InsectEPGRegularTrain,"UCR Archive (Ismail Fawaz et al., 2019)",Nature,W,,,,,,,P,,,,,,,,,,,,,,,,,,,,,,,
DodgerLoopGame,"UCR Archive (Ismail Fawaz et al., 2019)",Traffic,W,,,,,,,P,,,,,,,,,,,,,,,,,,,,,,,
Fungi,"UCR Archive (Ismail Fawaz et al., 2019)",Nature,W,,,,,,,P,,,,,,,,,,,,,,,,,,,,,,,
Symbols,"UCR Archive (Ismail Fawaz et al., 2019)",Generated,W,,,,,,,P,,,,,,,,,,,,,,,,,,,,,,,
MixedShapesRegularTrain,"UCR Archive (Ismail Fawaz et al., 2019)",Generated,W,,,,,,,P,,,,,,,,,,,,,,,,,,,,,,,
ArticularyWordRecognition,"UCR Archive (Ismail Fawaz et al., 2019)",Human,W,,,,,,,P,,,,,,,,,,,,,,,,,,,,,,,
UWaveGestureLibraryZ,"UCR Archive (Ismail Fawaz et al., 2019)",Human,W,,,,,,,P,,,,,,,,,,,,,,,,,,,,,,,
Epilepsy,"UCR Archive (Ismail Fawaz et al., 2019)",Human,W,,,,,,,P,,,,,,,,,,,,,,,,,,,,,,,
Healthcare200,"UCR Archive (Ismail Fawaz et al., 2019)",Healthcare,W,,,,,,,P,,,,,,,,,,,,,,,,,,,,,,,
Weatherbench (Daily),Weather Bench,Weather,W,P,,,,,,,,,,,,,,,P,,possible P,,P,,,,P,P,,,P,,
Weatherbench (Hourly),Weather Bench,Weather,W,P,,,,,,,,,,,,,,,P,,possible P,,P,,,,P,P,,,P,,
Weatherbench (Weekly),Weather Bench,Weather,W,P,,,,,,,,,,,,,,,P,,possible P,,P,,,,P,P,,,P,,
Wiki hourly,Wikipedia Metrics,Web,W,,P,,,,,,,,,,,,,,,,,,,,,,,,,,,P,
Wiki daily,Wikipedia Metrics,Web,W,P,P,,,,,,,,,,,,,,P,,possible P,,P,,,,P,,,,P,P,
Wiki weekly,Wikipedia Metrics,Web,W,,P,,,,,,,,,,,,,,,,,,,,,,,,,,,P,
Wiki monthly,Wikipedia Metrics,Web,W,,P,,,,,,,,,,,,,,,,,,,,,,,,,,,P,
Global Temp,"Corrformer (Wu et al., 2023)",Weather,W,,,,,,,,,,,,,,,,T/T,,,,,,,,,,,,,,
TSMixup 10M,"Chronos (Ansari et al., 2024)",Synthetic,W,,,,,,,,,,,,,,,,P,,,,,,,,,,,,,,
KernelSynth 1M,"Chronos (Ansari et al., 2024)",Synthetic,W,,,,,,,,,,,,,,,,P,,,,,,,,,,,,,,
TaxiBJ,"Zhang et al., 2017",Traffic and weather,W,,,,,,,,,,,,,,,,ZS,,,,,,,,,,,,,,
ERA5,"Munoz-Sabater et al., 2021",Weather,W,,,,,,,,,,,,,,,,,,,,P,,,,,,,,,P,
ERA5,"Munoz-Sabater et al., 2021",Weather,W,,,,,,,,,,,,,,,,,,,,P,,,,,,,,,,
ERA5,"Munoz-Sabater et al., 2021",Weather,W,,,,,,,,,,,,,,,,,,,,P,,,,,,,,,,
ERA5,"Munoz-Sabater et al., 2021",Weather,W,,,,,,,,,,,,,,,,,,,,P,,,,,,,,,,
ERA5,"Munoz-Sabater et al., 2021",Weather,W,,,,,,,,,,,,,,,,,,,,P,,,,,,,,,,
ERA5,"Munoz-Sabater et al., 2021",Weather,W,,,,,,,,,,,,,,,,,,,,P,,,,,,,,,,
Finance (not published),"Liu et al., 2025 (Sundial)",Finance,W,,,,,,,,,,,,,,,,,,,,P,,,,,,,,,,
IoT (not published),"Liu et al., 2025 (Sundial)",IoT,W,,,,,,,,,,,,,,,,,,,,P,,,,,,,,,,
BOOM,Cohen et al. (2025) (TOTO),Observational,W,,,,,,,,,,,,,,,,,,,,,,,,,ZS,,,,,
BOOM,Cohen et al. (2025) (TOTO),Observational,W,,,,,,,,,,,,,,,,,,,,,,,,,ZS,,,,,
BOOM,Cohen et al. (2025) (TOTO),Observational,W,,,,,,,,,,,,,,,,,,,,,,,,,ZS,,,,,
BOOM,Cohen et al. (2025) (TOTO),Observational,W,,,,,,,,,,,,,,,,,,,,,,,,,ZS,,,,,
BOOM,Cohen et al. (2025) (TOTO),Observational,W,,,,,,,,,,,,,,,,,,,,,,,,,ZS,,,,,
BOOM,Cohen et al. (2025) (TOTO),Observational,W,,,,,,,,,,,,,,,,,,,,,,,,,ZS,,,,,
BOOM,Cohen et al. (2025) (TOTO),Observational,W,,,,,,,,,,,,,,,,,,,,,,,,,,,,,,
